url,price,sale,title,feature,tubiao,icon
http://cdn.img.ecduo.cn/ecduo/Uploads/Picture/2019-01/5c3839f7d6c34.jpg,59.74,建议零售价:?180.00,实拍 misu 真丝高腰碎花连衣裙 9127,misu,https://www.ecduo.cn/static/images/search/ecduoserbg_15.jpg,https://www.ecduo.cn/static/images/search/ecduoserbg_17.jpg
http://cdn.img.ecduo.cn/ecduo/Uploads/Picture/2019-01/5c385c016b017.jpg,51.5,建议零售价:?155.00,非实拍 misu 新款女装时尚宽松显瘦小心机港味套装阔腿裤两件套 650,misu,https://www.ecduo.cn/static/images/search/ecduoserbg_15.jpg,https://www.ecduo.cn/static/images/search/ecduoserbg_17.jpg
http://cdn.img.ecduo.cn/ecduo/Uploads/Picture/2019-01/5c385d988fd0a.jpg,51.5,建议零售价:?155.00,非实拍 misu 新款潮修身收腰显瘦气质中长款A字裙子 653,misu,https://www.ecduo.cn/static/images/search/ecduoserbg_15.jpg,https://www.ecduo.cn/static/images/search/ecduoserbg_17.jpg
http://cdn.img.ecduo.cn/ecduo/Uploads/Picture/2019-01/5c3852e55ca2d.jpg,46.35,建议零售价:?140.00,非实拍 misu ?新款女装ins超火a字裙气质条纹V领雪纺连衣裙女 621,misu,https://www.ecduo.cn/static/images/search/ecduoserbg_15.jpg,https://www.ecduo.cn/static/images/search/ecduoserbg_17.jpg
http://cdn.img.ecduo.cn/ecduo/Uploads/Picture/2019-01/5c383f0ac9232.jpg,46.35,建议零售价:?140.00,非实拍 misu 时尚网纱裙刺绣绣花白色连衣裙 9162,misu,https://www.ecduo.cn/static/images/search/ecduoserbg_15.jpg,https://www.ecduo.cn/static/images/search/ecduoserbg_17.jpg
http://cdn.img.ecduo.cn/ecduo/Uploads/Picture/2019-01/5c384cf5a27ae.jpg,59.74,建议零售价:?180.00,非实拍 misu 职业立领长款复古格子显瘦新款通勤A字连衣裙 9203,misu,https://www.ecduo.cn/static/images/search/ecduoserbg_15.jpg,https://www.ecduo.cn/static/images/search/ecduoserbg_17.jpg
http://cdn.img.ecduo.cn/ecduo/Uploads/Picture/2019-01/5c386171c2691.jpg,46.35,建议零售价:?140.00,非实拍 misu 新款长袖连衣裙韩版时尚气质中长风衣早春裙子有女人味 657,misu,https://www.ecduo.cn/static/images/search/ecduoserbg_15.jpg,https://www.ecduo.cn/static/images/search/ecduoserbg_17.jpg
http://cdn.img.ecduo.cn/ecduo/Uploads/Picture/2019-09/5d70c0fe41db0.png,67,建议零售价:?201.00,星达法式少女茶歇裙气质复古桔梗赫本小黑裙长黑色连衣裙秋装v山本风68301008569050,君恩,https://www.ecduo.cn/static/images/search/ecduoserbg_15.jpg,https://www.ecduo.cn/static/images/search/ecduoserbg_17.jpg
http://cdn.img.ecduo.cn/ecduo/Uploads/Picture/2019-06/5d0cba921c278.jpg,82.5,建议零售价:?155.00,雅思琦 连衣裙2019新款夏法式复古收腰长裙女长款气质V领超仙显瘦 SML三个码,,https://www.ecduo.cn/static/images/search/ecduoserbg_15.jpg,https://www.ecduo.cn/static/images/search/ecduoserbg_17.jpg
http://cdn.img.ecduo.cn/ecduo/Uploads/Picture/2019-09/5d819cc0e7d53.png,17,建议零售价:?51.00,菲特2019秋冬新款女装毛衣裙时尚修身过膝中长款长袖针织衫连衣裙华人S 225,君恩,https://www.ecduo.cn/static/images/search/ecduoserbg_15.jpg,https://www.ecduo.cn/static/images/search/ecduoserbg_17.jpg
http://cdn.img.ecduo.cn/ecduo/Uploads/Picture/2019-01/5c345ef95b643.jpg,77.25,建议零售价:?232.00,非实拍 misu 雪纺七分袖裙不规则网纱露肩长裙 9079,misu,https://www.ecduo.cn/static/images/search/ecduoserbg_15.jpg,https://www.ecduo.cn/static/images/search/ecduoserbg_17.jpg
http://cdn.img.ecduo.cn/ecduo/Uploads/Picture/2019-02/5c6681f4ea380.jpg,101.1,建议零售价:?304.00,布桂坊 ?荷叶边A字收腰波点连衣裙 5291,布桂坊,https://www.ecduo.cn/static/images/search/ecduoserbg_15.jpg,https://www.ecduo.cn/static/images/search/ecduoserbg_17.jpg
http://cdn.img.ecduo.cn/ecduo/Uploads/Picture/2019-01/5c3840d203e39.jpg,51.5,建议零售价:?155.00,非实拍 misu 短袖韩版显瘦休闲中长款气质牛仔裙 9168,misu,https://www.ecduo.cn/static/images/search/ecduoserbg_15.jpg,https://www.ecduo.cn/static/images/search/ecduoserbg_17.jpg
http://cdn.img.ecduo.cn/ecduo/Uploads/Picture/2019-01/5c382f506f9dd.jpg,61.8,建议零售价:?186.00,非实拍 misu 实拍七分袖网纱刺绣春款女裙蕾丝碎花裙子 9057,misu,https://www.ecduo.cn/static/images/search/ecduoserbg_15.jpg,https://www.ecduo.cn/static/images/search/ecduoserbg_17.jpg
http://cdn.img.ecduo.cn/ecduo/Uploads/Picture/2019-01/5c34661978f80.jpg,51.5,建议零售价:?155.00,实拍 misu 时尚V领连衣裙气质七分袖A字裙子 9182,misu,https://www.ecduo.cn/static/images/search/ecduoserbg_15.jpg,https://www.ecduo.cn/static/images/search/ecduoserbg_17.jpg
http://cdn.img.ecduo.cn/ecduo/Uploads/Picture/2019-01/5c384a386f332.jpg,61.8,建议零售价:?186.00,实拍 misu 气质短袖桑蚕丝印花真丝裙子 9189,misu,https://www.ecduo.cn/static/images/search/ecduoserbg_15.jpg,https://www.ecduo.cn/static/images/search/ecduoserbg_17.jpg
http://cdn.img.ecduo.cn/ecduo/Uploads/Picture/2018-09/5b98c7a92070f.jpg,76.6,建议零售价:?100.00,布桂坊 韩版时尚V领连衣裙 5244,布桂坊,https://www.ecduo.cn/static/images/search/ecduoserbg_15.jpg,https://www.ecduo.cn/static/images/search/ecduoserbg_17.jpg
http://cdn.img.ecduo.cn/ecduo/Uploads/Picture/2019-06/5d0ca7878de7b.jpg,82.5,建议零售价:?155.00,雅思琦 V领连衣裙女2019夏季新款修身显瘦蝴蝶结中长裙S M L三个码,,https://www.ecduo.cn/static/images/search/ecduoserbg_15.jpg,https://www.ecduo.cn/static/images/search/ecduoserbg_17.jpg
http://cdn.img.ecduo.cn/ecduo/Uploads/Picture/2019-09/5d73611c1573c.png,14.9,建议零售价:?45.00,菲特新款喇叭袖黑色长袖连衣裙学生女小黑裙修身显瘦打底裙子志安 804,君恩,https://www.ecduo.cn/static/images/search/ecduoserbg_15.jpg,https://www.ecduo.cn/static/images/search/ecduoserbg_17.jpg
http://cdn.img.ecduo.cn/ecduo/Uploads/Picture/2019-09/5d81ced12c990.png,44.6,建议零售价:?134.00,优朗2019秋冬新款小香风法式少女裙毛衣女秋冬打底长袖修身针织连衣裙MM-0005,君恩,https://www.ecduo.cn/static/images/search/ecduoserbg_15.jpg,https://www.ecduo.cn/static/images/search/ecduoserbg_17.jpg
"http://cdn.img.ecduo.cn/ecduo/data/files/Uploads/picture/2019-07/201907261622058105.jpg?x-oss-process=image/resize,m_fill,h_250,w_250",27.3,建议零售价:?69.30,6006#2019春秋新款大码女装批发宽松显瘦蝙蝠袖韩版长袖连衣裙,,https://www.ecduo.cn/static/images/search/ecduoserbg_15.jpg,https://www.ecduo.cn/static/images/search/ecduoserbg_17.jpg
"http://cdn.img.ecduo.cn/ecduo/data/files/Uploads/picture/2019-07/201907291543322599.jpg?x-oss-process=image/resize,m_fill,h_250,w_250",62,建议零售价:?183.50,8262#明星同款黑色欧美风宽松大码喇叭袖卫衣中长款连衣裙女,,https://www.ecduo.cn/static/images/search/ecduoserbg_15.jpg,https://www.ecduo.cn/static/images/search/ecduoserbg_17.jpg
"http://cdn.img.ecduo.cn/ecduo/data/files/Uploads/picture/2019-07/201907291928432396.jpg?x-oss-process=image/resize,m_fill,h_250,w_250",33.6,建议零售价:?85.00,6761#明星同款条纹高弹力长款半高领打底衫包臀连衣裙,,https://www.ecduo.cn/static/images/search/ecduoserbg_15.jpg,https://www.ecduo.cn/static/images/search/ecduoserbg_17.jpg
"http://cdn.img.ecduo.cn/ecduo/data/files/Uploads/picture/2019-08/201908021702499785.jpg?x-oss-process=image/resize,m_fill,h_250,w_250",51.5,建议零售价:?130.30,6983#2019秋冬女装甜美学院风中长款气质灯笼裙连衣裙一件代发,,https://www.ecduo.cn/static/images/search/ecduoserbg_15.jpg,https://www.ecduo.cn/static/images/search/ecduoserbg_17.jpg
"http://cdn.img.ecduo.cn/ecduo/Uploads/Picture/2019-01/5c386171c2691.jpg?x-oss-process=image/resize,m_fill,h_250,w_250",46.35,建议零售价:?140.00,非实拍 misu 新款长袖连衣裙韩版时尚气质中长风衣早春裙子有女人味 657,,https://www.ecduo.cn/static/images/search/ecduoserbg_15.jpg,https://www.ecduo.cn/static/images/search/ecduoserbg_17.jpg
"http://cdn.img.ecduo.cn/ecduo/Uploads/Picture/2019-01/5c3839f7d6c34.jpg?x-oss-process=image/resize,m_fill,h_250,w_250",59.74,建议零售价:?180.00,实拍 misu 真丝高腰碎花连衣裙 9127,,https://www.ecduo.cn/static/images/search/ecduoserbg_15.jpg,https://www.ecduo.cn/static/images/search/ecduoserbg_17.jpg
http://cdn.img.ecduo.cn/ecduo/Uploads/Picture/2019-02/5c667bdc77fb4.jpg,85.1,建议零售价:?256.00,布桂坊 收腰水袖纯色A字连衣裙 5295,布桂坊,https://www.ecduo.cn/static/images/search/ecduoserbg_15.jpg,https://www.ecduo.cn/static/images/search/ecduoserbg_17.jpg
http://cdn.img.ecduo.cn/ecduo/Uploads/Picture/2019-03/5c79fb0084f8a.jpg,88.3,建议零售价:?265.00,布桂坊 雪纺连衣裙百褶荷叶边打底连衣裙 3210,布桂坊,https://www.ecduo.cn/static/images/search/ecduoserbg_15.jpg,https://www.ecduo.cn/static/images/search/ecduoserbg_17.jpg
http://cdn.img.ecduo.cn/ecduo/Uploads/Picture/2019-01/5c38426414255.jpg,59.74,建议零售价:?180.00,非实拍 misu 藏肉减龄开叉假两件直筒休闲牛仔连衣裙 9176,misu,https://www.ecduo.cn/static/images/search/ecduoserbg_15.jpg,https://www.ecduo.cn/static/images/search/ecduoserbg_17.jpg
http://cdn.img.ecduo.cn/ecduo/Uploads/Picture/2019-01/5c382dcf46327.jpg,77.25,建议零售价:?232.00,实拍 misu 实拍印花显瘦蕾丝连衣裙 9009,misu,https://www.ecduo.cn/static/images/search/ecduoserbg_15.jpg,https://www.ecduo.cn/static/images/search/ecduoserbg_17.jpg
http://cdn.img.ecduo.cn/ecduo/Uploads/Picture/2019-06/5d0a00498e7bc.jpg,51.1,建议零售价:?154.00,得比 适合夏天穿的薄薄软软又透气的短袖生日裙,雅饰美,https://www.ecduo.cn/static/images/search/ecduoserbg_15.jpg,https://www.ecduo.cn/static/images/search/ecduoserbg_17.jpg
http://cdn.img.ecduo.cn/ecduo/Uploads/Picture/2018-11/5bf7c94e8dc3b.jpg,126,建议零售价:?378.00,XY晓创服饰 2019春秋新款腰封百褶衬衣裙 17FWLYQ001W,XY晓创服饰,https://www.ecduo.cn/static/images/search/ecduoserbg_15.jpg,https://www.ecduo.cn/static/images/search/ecduoserbg_17.jpg
http://cdn.img.ecduo.cn/ecduo/Uploads/Picture/2019-01/20190103091458643.jpg,52.1,建议零售价:?65.00,春天物语 2019春秋新款中袖印花连衣裙(8817),春天物语,,https://www.ecduo.cn/static/images/search/ecduoserbg_17.jpg
http://cdn.img.ecduo.cn/ecduo/Uploads/Picture/2019-05/5cd4e2c2b417e.jpg,36.05,建议零售价:?109.00,实拍 misu 新款时尚碎花蕾丝软纱雪纺连衣裙 9547,misu,https://www.ecduo.cn/static/images/search/ecduoserbg_15.jpg,https://www.ecduo.cn/static/images/search/ecduoserbg_17.jpg
http://cdn.img.ecduo.cn/ecduo/Uploads/Picture/2019-01/5c3848b9991b8.jpg,56.65,建议零售价:?170.00,misu 修身气质七分袖衬衣极简ａ字连衣裙 9183,misu,https://www.ecduo.cn/static/images/search/ecduoserbg_15.jpg,https://www.ecduo.cn/static/images/search/ecduoserbg_17.jpg
http://cdn.img.ecduo.cn/ecduo/Uploads/Picture/2019-01/20190103091546172.jpg,41.5,建议零售价:?125.00,春天物语 2019春夏新款字母钉珠背心裙(8823),春天物语,,https://www.ecduo.cn/static/images/search/ecduoserbg_17.jpg
http://cdn.img.ecduo.cn/ecduo/Uploads/Picture/2018-08/5b67bc38d80c3.jpg,73.4,建议零售价:?96.00,旗袍2019年夏季新女款 雪珠纺布 青萝,圣雪佛兰,https://www.ecduo.cn/static/images/search/ecduoserbg_15.jpg,https://www.ecduo.cn/static/images/search/ecduoserbg_17.jpg
http://cdn.img.ecduo.cn/ecduo/Uploads/Picture/2019-05/5ce8db18608da.jpg,59.74,建议零售价:?180.00,实拍 misu 新款复古印花七分袖桑蚕丝A字连衣裙 9563,misu,https://www.ecduo.cn/static/images/search/ecduoserbg_15.jpg,https://www.ecduo.cn/static/images/search/ecduoserbg_17.jpg
http://cdn.img.ecduo.cn/ecduo/Uploads/Picture/2019-05/5ce4f0229f0b5.jpg,56.65,建议零售价:?170.00,实拍 misu 新款休闲雪纺坠感一字肩阔腿裤两件套套装 9618,misu,https://www.ecduo.cn/static/images/search/ecduoserbg_15.jpg,https://www.ecduo.cn/static/images/search/ecduoserbg_17.jpg
http://cdn.img.ecduo.cn/ecduo/Uploads/Picture/2019-04/5cb421d05f3dd.jpg,55.62,建议零售价:?167.00,2019新款时尚V领波点蛋糕裙雪纺吊带波点印花蛋糕裙630-D-5061,普瑞施,https://www.ecduo.cn/static/images/search/ecduoserbg_15.jpg,https://www.ecduo.cn/static/images/search/ecduoserbg_17.jpg
http://cdn.img.ecduo.cn/ecduo/Uploads/Picture/2019-04/5cac5a2515b45.jpg,68,建议零售价:?204.00,2019新款流行长裙子女夏很仙的法国小众碎花连衣裙雪纺6389,普瑞施,https://www.ecduo.cn/static/images/search/ecduoserbg_15.jpg,https://www.ecduo.cn/static/images/search/ecduoserbg_17.jpg
http://cdn.img.ecduo.cn/ecduo/data/files/Uploads/picture/2019-02/201902221659405175.jpg,69.1,建议零售价:?172.80,2019春季韩版新款中大女童休闲学院风木耳边长袖露肩纯棉连衣裙童装裙子,小路童装,https://www.ecduo.cn/static/images/search/ecduoserbg_15.jpg,https://www.ecduo.cn/static/images/search/ecduoserbg_17.jpg
http://cdn.img.ecduo.cn/ecduo/Uploads/Picture/2019-05/5ce4c550570b0.jpg,51.5,建议零售价:?155.00,实拍 misu 新款大码时尚减龄宽松显瘦遮肚连衣裙 9621,misu,https://www.ecduo.cn/static/images/search/ecduoserbg_15.jpg,https://www.ecduo.cn/static/images/search/ecduoserbg_17.jpg
http://cdn.img.ecduo.cn/ecduo/Uploads/Picture/2019-04/5cac5b7f73908.jpg,58.71,建议零售价:?177.00,2019春新韩版小清新印花长袖雪纺连衣裙B-1915,普瑞施,https://www.ecduo.cn/static/images/search/ecduoserbg_15.jpg,https://www.ecduo.cn/static/images/search/ecduoserbg_17.jpg
http://cdn.img.ecduo.cn/ecduo/Uploads/Picture/2019-08/5d690f8433e41.png,73.4,建议零售价:?221.00,妍儿5166欧美时尚女装2017夏季新品V领高腰雪纺印花中长款连衣裙女潮,卡洛,https://www.ecduo.cn/static/images/search/ecduoserbg_15.jpg,https://www.ecduo.cn/static/images/search/ecduoserbg_17.jpg
http://cdn.img.ecduo.cn/ecduo/Uploads/Picture/2019-05/5ce4f4969575b.jpg,54.59,建议零售价:?164.00,实拍 misu 新款大码法式钉珠复古印花雪纺连衣裙 9606,misu,https://www.ecduo.cn/static/images/search/ecduoserbg_15.jpg,https://www.ecduo.cn/static/images/search/ecduoserbg_17.jpg
"http://cdn.img.ecduo.cn/ecduo/data/files/Uploads/picture/2019-07/201907261622058105.jpg?x-oss-process=image/resize,m_fill,h_250,w_250",27.3,建议零售价:?69.30,6006#2019春秋新款大码女装批发宽松显瘦蝙蝠袖韩版长袖连衣裙,,https://www.ecduo.cn/static/images/search/ecduoserbg_15.jpg,https://www.ecduo.cn/static/images/search/ecduoserbg_17.jpg
"http://cdn.img.ecduo.cn/ecduo/data/files/Uploads/picture/2019-07/201907291543322599.jpg?x-oss-process=image/resize,m_fill,h_250,w_250",62,建议零售价:?183.50,8262#明星同款黑色欧美风宽松大码喇叭袖卫衣中长款连衣裙女,,https://www.ecduo.cn/static/images/search/ecduoserbg_15.jpg,https://www.ecduo.cn/static/images/search/ecduoserbg_17.jpg
"http://cdn.img.ecduo.cn/ecduo/data/files/Uploads/picture/2019-07/201907291928432396.jpg?x-oss-process=image/resize,m_fill,h_250,w_250",33.6,建议零售价:?85.00,6761#明星同款条纹高弹力长款半高领打底衫包臀连衣裙,,https://www.ecduo.cn/static/images/search/ecduoserbg_15.jpg,https://www.ecduo.cn/static/images/search/ecduoserbg_17.jpg
"http://cdn.img.ecduo.cn/ecduo/data/files/Uploads/picture/2019-08/201908021702499785.jpg?x-oss-process=image/resize,m_fill,h_250,w_250",51.5,建议零售价:?130.30,6983#2019秋冬女装甜美学院风中长款气质灯笼裙连衣裙一件代发,,https://www.ecduo.cn/static/images/search/ecduoserbg_15.jpg,https://www.ecduo.cn/static/images/search/ecduoserbg_17.jpg
"http://cdn.img.ecduo.cn/ecduo/Uploads/Picture/2019-01/5c386171c2691.jpg?x-oss-process=image/resize,m_fill,h_250,w_250",46.35,建议零售价:?140.00,非实拍 misu 新款长袖连衣裙韩版时尚气质中长风衣早春裙子有女人味 657,,https://www.ecduo.cn/static/images/search/ecduoserbg_15.jpg,https://www.ecduo.cn/static/images/search/ecduoserbg_17.jpg
"http://cdn.img.ecduo.cn/ecduo/Uploads/Picture/2019-01/5c3839f7d6c34.jpg?x-oss-process=image/resize,m_fill,h_250,w_250",59.74,建议零售价:?180.00,实拍 misu 真丝高腰碎花连衣裙 9127,,https://www.ecduo.cn/static/images/search/ecduoserbg_15.jpg,https://www.ecduo.cn/static/images/search/ecduoserbg_17.jpg
http://cdn.img.ecduo.cn/ecduo/Uploads/Picture/2019-08/5d42a2657aa98.jpg,48.9,建议零售价:?147.00,韩国馆初秋连衣裙新款慵懒风气质淑女白色宽松过膝中长款裙子1015#(1)#,趋势多品类,https://www.ecduo.cn/static/images/search/ecduoserbg_15.jpg,https://www.ecduo.cn/static/images/search/ecduoserbg_17.jpg
http://cdn.img.ecduo.cn/ecduo/Uploads/Picture/2019-08/5d674c3004be4.png,52.1,建议零售价:?157.00,蜜朵2019新款秋冬连衣裙修身显瘦气质高领拉链撞色长袖裙子女F7660,君恩,https://www.ecduo.cn/static/images/search/ecduoserbg_15.jpg,https://www.ecduo.cn/static/images/search/ecduoserbg_17.jpg
http://cdn.img.ecduo.cn/ecduo/Uploads/Picture/2019-01/5c416ac6155f5.jpg,106.4,建议零售价:?320.00,贵妇 百褶连衣裙 19003,贵妇,https://www.ecduo.cn/static/images/search/ecduoserbg_15.jpg,https://www.ecduo.cn/static/images/search/ecduoserbg_17.jpg
http://cdn.img.ecduo.cn/ecduo/Uploads/Picture/2019-06/5d0ca2ed59af7.jpg,82.5,建议零售价:?155.00,雅思琦 露肩连衣裙女潮流2019流行新款夏装时尚气质显瘦夏天洋气收腰裙子（不配送腰带...,,https://www.ecduo.cn/static/images/search/ecduoserbg_15.jpg,https://www.ecduo.cn/static/images/search/ecduoserbg_17.jpg
http://cdn.img.ecduo.cn/ecduo/Uploads/Picture/2019-09/5d6cb4f135ce4.png,84,建议零售价:?252.00,妍儿欧洲站2019秋季新款气质女装刺绣礼服收腰显瘦大摆修身黑色连衣裙9154605,卡洛,https://www.ecduo.cn/static/images/search/ecduoserbg_15.jpg,https://www.ecduo.cn/static/images/search/ecduoserbg_17.jpg
http://cdn.img.ecduo.cn/ecduo/Uploads/Picture/2019-09/5d6e2282271d9.png,90.4,建议零售价:?272.00,妍儿洋装小礼服2019新款高贵中长款显瘦名媛聚会生日派对宴会连衣裙女8502,卡洛,https://www.ecduo.cn/static/images/search/ecduoserbg_15.jpg,https://www.ecduo.cn/static/images/search/ecduoserbg_17.jpg
http://cdn.img.ecduo.cn/ecduo/Uploads/Picture/2019-09/5d6cbf6f64c08.png,90.4,建议零售价:?272.00,妍儿复古2019秋季新款碎花连衣裙女装时尚拼接系带长袖流苏雪纺长裙9714618,卡洛,https://www.ecduo.cn/static/images/search/ecduoserbg_15.jpg,https://www.ecduo.cn/static/images/search/ecduoserbg_17.jpg
http://cdn.img.ecduo.cn/ecduo/Uploads/Picture/2019-09/5d7364dfc5804.png,18.1,建议零售价:?55.00,菲特弹性螺纹大码女装中长款仿毛衣女套头韩版打底衫长袖仿针织连衣裙华人社944,君恩,https://www.ecduo.cn/static/images/search/ecduoserbg_15.jpg,https://www.ecduo.cn/static/images/search/ecduoserbg_17.jpg
http://cdn.img.ecduo.cn/ecduo/Uploads/Picture/2019-09/5d71fcb938745.png,79.8,建议零售价:?240.00,美歌2019秋季风衣女明线系带薄款外套中长款两穿连衣裙W1076,君恩,https://www.ecduo.cn/static/images/search/ecduoserbg_15.jpg,https://www.ecduo.cn/static/images/search/ecduoserbg_17.jpg
http://cdn.img.ecduo.cn/ecduo/Uploads/Picture/2019-08/20190812070714859.jpg,55.3,建议零售价:?166.00,预售 新款短款圆领连衣裙女收腰气质修身韩版高腰裙子 18247,盈薇,https://www.ecduo.cn/static/images/search/ecduoserbg_15.jpg,https://www.ecduo.cn/static/images/search/ecduoserbg_17.jpg
http://cdn.img.ecduo.cn/ecduo/Uploads/Picture/2019-09/5d70cf041d13c.png,75.5,建议零售价:?227.00,星达秋冬装新款韩版麂皮绒拼接V领连衣裙女高腰中长款吊带打底裙66B2400306X058,君恩,https://www.ecduo.cn/static/images/search/ecduoserbg_15.jpg,https://www.ecduo.cn/static/images/search/ecduoserbg_17.jpg
http://cdn.img.ecduo.cn/ecduo/data/files/Uploads/picture/2019-07/201907261622058105.jpg,27.3,建议零售价:?69.30,6006#2019春秋新款大码女装批发宽松显瘦蝙蝠袖韩版长袖连衣裙,淘京,https://www.ecduo.cn/static/images/search/ecduoserbg_15.jpg,https://www.ecduo.cn/static/images/search/ecduoserbg_17.jpg
http://cdn.img.ecduo.cn/ecduo/data/files/Uploads/picture/2019-07/201907291543322599.jpg,62,建议零售价:?183.50,8262#明星同款黑色欧美风宽松大码喇叭袖卫衣中长款连衣裙女,淘京,https://www.ecduo.cn/static/images/search/ecduoserbg_15.jpg,https://www.ecduo.cn/static/images/search/ecduoserbg_17.jpg
http://cdn.img.ecduo.cn/ecduo/Uploads/Picture/2019-02/5c667d38e4598.jpg,79.8,建议零售价:?240.00,布桂坊 绑带收腰A字长袖衬衣连衣裙 5293,布桂坊,https://www.ecduo.cn/static/images/search/ecduoserbg_15.jpg,https://www.ecduo.cn/static/images/search/ecduoserbg_17.jpg
http://cdn.img.ecduo.cn/ecduo/Uploads/Picture/2019-02/5c668047979ae.jpg,74.5,建议零售价:?224.00,布桂坊 灯笼袖收腰纯色A字连衣裙 5292,布桂坊,https://www.ecduo.cn/static/images/search/ecduoserbg_15.jpg,https://www.ecduo.cn/static/images/search/ecduoserbg_17.jpg
http://cdn.img.ecduo.cn/ecduo/Uploads/Picture/2019-02/5c6675ca01cf2.jpg,79.8,建议零售价:?240.00,布桂坊 网纱喇叭袖翻领丝绒连衣裙 5217,布桂坊,https://www.ecduo.cn/static/images/search/ecduoserbg_15.jpg,https://www.ecduo.cn/static/images/search/ecduoserbg_17.jpg
http://cdn.img.ecduo.cn/ecduo/Uploads/Picture/2019-03/5c79fa7b57e87.jpg,88.3,建议零售价:?265.00,布桂坊 烫金网纱上衣+吊带连衣裙两件套 3216,布桂坊,https://www.ecduo.cn/static/images/search/ecduoserbg_15.jpg,https://www.ecduo.cn/static/images/search/ecduoserbg_17.jpg
http://cdn.img.ecduo.cn/ecduo/Uploads/Picture/2019-02/5c66787489635.jpg,74.5,建议零售价:?224.00,布桂坊 一字肩流苏收腰连衣裙两件套 5297,布桂坊,https://www.ecduo.cn/static/images/search/ecduoserbg_15.jpg,https://www.ecduo.cn/static/images/search/ecduoserbg_17.jpg
http://cdn.img.ecduo.cn/ecduo/Uploads/Picture/2019-03/5c79fc6029df2.jpg,98.9,建议零售价:?297.00,布桂坊 蕾丝连衣裙女长袖 3218,布桂坊,https://www.ecduo.cn/static/images/search/ecduoserbg_15.jpg,https://www.ecduo.cn/static/images/search/ecduoserbg_17.jpg
http://cdn.img.ecduo.cn/ecduo/Uploads/Picture/2019-03/5c79fd8a057b3.jpg,98.9,建议零售价:?297.00,布桂坊 蕾丝连衣裙女长袖蛋糕裙 3220,布桂坊,https://www.ecduo.cn/static/images/search/ecduoserbg_15.jpg,https://www.ecduo.cn/static/images/search/ecduoserbg_17.jpg
"http://cdn.img.ecduo.cn/ecduo/data/files/Uploads/picture/2019-07/201907261622058105.jpg?x-oss-process=image/resize,m_fill,h_250,w_250",27.3,建议零售价:?69.30,6006#2019春秋新款大码女装批发宽松显瘦蝙蝠袖韩版长袖连衣裙,,https://www.ecduo.cn/static/images/search/ecduoserbg_15.jpg,https://www.ecduo.cn/static/images/search/ecduoserbg_17.jpg
"http://cdn.img.ecduo.cn/ecduo/data/files/Uploads/picture/2019-07/201907291543322599.jpg?x-oss-process=image/resize,m_fill,h_250,w_250",62,建议零售价:?183.50,8262#明星同款黑色欧美风宽松大码喇叭袖卫衣中长款连衣裙女,,https://www.ecduo.cn/static/images/search/ecduoserbg_15.jpg,https://www.ecduo.cn/static/images/search/ecduoserbg_17.jpg
"http://cdn.img.ecduo.cn/ecduo/data/files/Uploads/picture/2019-07/201907291928432396.jpg?x-oss-process=image/resize,m_fill,h_250,w_250",33.6,建议零售价:?85.00,6761#明星同款条纹高弹力长款半高领打底衫包臀连衣裙,,https://www.ecduo.cn/static/images/search/ecduoserbg_15.jpg,https://www.ecduo.cn/static/images/search/ecduoserbg_17.jpg
"http://cdn.img.ecduo.cn/ecduo/data/files/Uploads/picture/2019-08/201908021702499785.jpg?x-oss-process=image/resize,m_fill,h_250,w_250",51.5,建议零售价:?130.30,6983#2019秋冬女装甜美学院风中长款气质灯笼裙连衣裙一件代发,,https://www.ecduo.cn/static/images/search/ecduoserbg_15.jpg,https://www.ecduo.cn/static/images/search/ecduoserbg_17.jpg
"http://cdn.img.ecduo.cn/ecduo/Uploads/Picture/2019-01/5c386171c2691.jpg?x-oss-process=image/resize,m_fill,h_250,w_250",46.35,建议零售价:?140.00,非实拍 misu 新款长袖连衣裙韩版时尚气质中长风衣早春裙子有女人味 657,,https://www.ecduo.cn/static/images/search/ecduoserbg_15.jpg,https://www.ecduo.cn/static/images/search/ecduoserbg_17.jpg
"http://cdn.img.ecduo.cn/ecduo/Uploads/Picture/2019-01/5c3839f7d6c34.jpg?x-oss-process=image/resize,m_fill,h_250,w_250",59.74,建议零售价:?180.00,实拍 misu 真丝高腰碎花连衣裙 9127,,https://www.ecduo.cn/static/images/search/ecduoserbg_15.jpg,https://www.ecduo.cn/static/images/search/ecduoserbg_17.jpg
http://cdn.img.ecduo.cn/ecduo/Uploads/Picture/2019-02/5c66768dd7078.jpg,90.4,建议零售价:?272.00,布桂坊 小方领橡筋收腰A字波点连衣裙 5298,布桂坊,https://www.ecduo.cn/static/images/search/ecduoserbg_15.jpg,https://www.ecduo.cn/static/images/search/ecduoserbg_17.jpg
http://cdn.img.ecduo.cn/ecduo/Uploads/Picture/2019-02/5c676d0b57dc6.jpg,95.7,建议零售价:?288.00,布桂坊 小翻领收腰A字荷叶边连衣裙 5288,布桂坊,https://www.ecduo.cn/static/images/search/ecduoserbg_15.jpg,https://www.ecduo.cn/static/images/search/ecduoserbg_17.jpg
http://cdn.img.ecduo.cn/ecduo/Uploads/Picture/2019-02/5c6782515fdf4.jpg,85.1,建议零售价:?256.00,布桂坊 蕾丝拼接长袖收腰A字连衣裙 5245,布桂坊,https://www.ecduo.cn/static/images/search/ecduoserbg_15.jpg,https://www.ecduo.cn/static/images/search/ecduoserbg_17.jpg
http://cdn.img.ecduo.cn/ecduo/Uploads/Picture/2019-03/5c79fe22a2ea6.jpg,94.7,建议零售价:?285.00,布桂坊 金丝绒收腰打底裙 3217,布桂坊,https://www.ecduo.cn/static/images/search/ecduoserbg_15.jpg,https://www.ecduo.cn/static/images/search/ecduoserbg_17.jpg
http://cdn.img.ecduo.cn/ecduo/Uploads/Picture/2019-03/5c79ea4104a46.jpg,94.7,建议零售价:?285.00,布桂坊 中长款雪纺碎花女连衣裙 3208,布桂坊,https://www.ecduo.cn/static/images/search/ecduoserbg_15.jpg,https://www.ecduo.cn/static/images/search/ecduoserbg_17.jpg
http://cdn.img.ecduo.cn/ecduo/Uploads/Picture/2019-03/5c79ecea15247.jpg,84,建议零售价:?252.00,布桂坊 套装裙衬衣配背心气质两件套 3230,布桂坊,https://www.ecduo.cn/static/images/search/ecduoserbg_15.jpg,https://www.ecduo.cn/static/images/search/ecduoserbg_17.jpg
http://cdn.img.ecduo.cn/ecduo/Uploads/Picture/2019-03/5c79f029501ce.jpg,98.9,建议零售价:?297.00,布桂坊 衬衣套装三件套马甲套装两件套女 3231,布桂坊,https://www.ecduo.cn/static/images/search/ecduoserbg_15.jpg,https://www.ecduo.cn/static/images/search/ecduoserbg_17.jpg
http://cdn.img.ecduo.cn/ecduo/Uploads/Picture/2019-03/20190329010953864.jpg,51.1,建议零售价:?154.00,米兰圣 新款时尚个性牛仔裙(102),米兰圣,https://www.ecduo.cn/static/images/search/ecduoserbg_15.jpg,https://www.ecduo.cn/static/images/search/ecduoserbg_17.jpg
http://cdn.img.ecduo.cn/ecduo/Uploads/Picture/2018-09/5b98c5db724ea.jpg,79.8,建议零售价:?240.00,布桂坊 时尚韩版透视连衣裙 5239,布桂坊,https://www.ecduo.cn/static/images/search/ecduoserbg_15.jpg,https://www.ecduo.cn/static/images/search/ecduoserbg_17.jpg
http://cdn.img.ecduo.cn/ecduo/data/files/Uploads/picture/2019-07/201907291928432396.jpg,33.6,建议零售价:?85.00,6761#明星同款条纹高弹力长款半高领打底衫包臀连衣裙,淘京,https://www.ecduo.cn/static/images/search/ecduoserbg_15.jpg,https://www.ecduo.cn/static/images/search/ecduoserbg_17.jpg
http://cdn.img.ecduo.cn/ecduo/Uploads/Picture/2019-03/5c79f5266681f.jpg,94.7,建议零售价:?285.00,布桂坊 荷叶边V领仙女裙雪纺连衣裙女 3211,布桂坊,https://www.ecduo.cn/static/images/search/ecduoserbg_15.jpg,https://www.ecduo.cn/static/images/search/ecduoserbg_17.jpg
http://cdn.img.ecduo.cn/ecduo/Uploads/Picture/2019-03/5c79fec43dd65.jpg,94.7,建议零售价:?285.00,布桂坊 拼接豹纹领子长A字连衣裙 3510,布桂坊,https://www.ecduo.cn/static/images/search/ecduoserbg_15.jpg,https://www.ecduo.cn/static/images/search/ecduoserbg_17.jpg
http://cdn.img.ecduo.cn/ecduo/Uploads/Picture/2019-03/5c79fce6862f0.jpg,94.7,建议零售价:?285.00,布桂坊 蕾丝连衣裙女长袖 3219,布桂坊,https://www.ecduo.cn/static/images/search/ecduoserbg_15.jpg,https://www.ecduo.cn/static/images/search/ecduoserbg_17.jpg
http://cdn.img.ecduo.cn/ecduo/Uploads/Picture/2019-02/5c67810e5b7e5.jpg,79.8,建议零售价:?240.00,布桂坊 V领蕾丝收腰喇叭袖A字连衣裙 5242,布桂坊,https://www.ecduo.cn/static/images/search/ecduoserbg_15.jpg,https://www.ecduo.cn/static/images/search/ecduoserbg_17.jpg
http://cdn.img.ecduo.cn/ecduo/Uploads/Picture/2019-02/5c677f997f023.jpg,79.8,建议零售价:?240.00,布桂坊 网纱喇叭袖翻领丝绒连衣裙 5217,布桂坊,https://www.ecduo.cn/static/images/search/ecduoserbg_15.jpg,https://www.ecduo.cn/static/images/search/ecduoserbg_17.jpg
http://cdn.img.ecduo.cn/ecduo/Uploads/Picture/2019-03/20190301033244567.jpg,41.5,建议零售价:?53.00,春天物语 侧开叉背心裙 6602,春天物语,https://www.ecduo.cn/static/images/search/ecduoserbg_15.jpg,https://www.ecduo.cn/static/images/search/ecduoserbg_17.jpg
http://cdn.img.ecduo.cn/ecduo/Uploads/Picture/2019-02/20190228094706120.jpg,41.5,建议零售价:?53.00,春天物语 中间抽绳背心裙 6603,春天物语,https://www.ecduo.cn/static/images/search/ecduoserbg_15.jpg,https://www.ecduo.cn/static/images/search/ecduoserbg_17.jpg
http://cdn.img.ecduo.cn/ecduo/Uploads/Picture/2019-03/5c79f30e197c1.jpg,98.9,建议零售价:?297.00,布桂坊 波点雪纺蛋糕裙高腰连衣裙 3207,布桂坊,https://www.ecduo.cn/static/images/search/ecduoserbg_15.jpg,https://www.ecduo.cn/static/images/search/ecduoserbg_17.jpg
http://cdn.img.ecduo.cn/ecduo/Uploads/Picture/2019-03/5c79f81bc791d.jpg,94.7,建议零售价:?285.00,布桂坊 翻领喇叭袖收腰中长款连衣裙 3215,布桂坊,https://www.ecduo.cn/static/images/search/ecduoserbg_15.jpg,https://www.ecduo.cn/static/images/search/ecduoserbg_17.jpg
http://cdn.img.ecduo.cn/ecduo/Uploads/Picture/2019-03/5c79f3d3a950f.jpg,84,建议零售价:?252.00,布桂坊 雪纺连衣裙格子打底百褶裙 3209,布桂坊,https://www.ecduo.cn/static/images/search/ecduoserbg_15.jpg,https://www.ecduo.cn/static/images/search/ecduoserbg_17.jpg
"http://cdn.img.ecduo.cn/ecduo/data/files/Uploads/picture/2019-07/201907261622058105.jpg?x-oss-process=image/resize,m_fill,h_250,w_250",27.3,建议零售价:?69.30,6006#2019春秋新款大码女装批发宽松显瘦蝙蝠袖韩版长袖连衣裙,,https://www.ecduo.cn/static/images/search/ecduoserbg_15.jpg,https://www.ecduo.cn/static/images/search/ecduoserbg_17.jpg
"http://cdn.img.ecduo.cn/ecduo/data/files/Uploads/picture/2019-07/201907291543322599.jpg?x-oss-process=image/resize,m_fill,h_250,w_250",62,建议零售价:?183.50,8262#明星同款黑色欧美风宽松大码喇叭袖卫衣中长款连衣裙女,,https://www.ecduo.cn/static/images/search/ecduoserbg_15.jpg,https://www.ecduo.cn/static/images/search/ecduoserbg_17.jpg
"http://cdn.img.ecduo.cn/ecduo/data/files/Uploads/picture/2019-07/201907291928432396.jpg?x-oss-process=image/resize,m_fill,h_250,w_250",33.6,建议零售价:?85.00,6761#明星同款条纹高弹力长款半高领打底衫包臀连衣裙,,https://www.ecduo.cn/static/images/search/ecduoserbg_15.jpg,https://www.ecduo.cn/static/images/search/ecduoserbg_17.jpg
"http://cdn.img.ecduo.cn/ecduo/data/files/Uploads/picture/2019-08/201908021702499785.jpg?x-oss-process=image/resize,m_fill,h_250,w_250",51.5,建议零售价:?130.30,6983#2019秋冬女装甜美学院风中长款气质灯笼裙连衣裙一件代发,,https://www.ecduo.cn/static/images/search/ecduoserbg_15.jpg,https://www.ecduo.cn/static/images/search/ecduoserbg_17.jpg
"http://cdn.img.ecduo.cn/ecduo/Uploads/Picture/2019-01/5c386171c2691.jpg?x-oss-process=image/resize,m_fill,h_250,w_250",46.35,建议零售价:?140.00,非实拍 misu 新款长袖连衣裙韩版时尚气质中长风衣早春裙子有女人味 657,,https://www.ecduo.cn/static/images/search/ecduoserbg_15.jpg,https://www.ecduo.cn/static/images/search/ecduoserbg_17.jpg
"http://cdn.img.ecduo.cn/ecduo/Uploads/Picture/2019-01/5c3839f7d6c34.jpg?x-oss-process=image/resize,m_fill,h_250,w_250",59.74,建议零售价:?180.00,实拍 misu 真丝高腰碎花连衣裙 9127,,https://www.ecduo.cn/static/images/search/ecduoserbg_15.jpg,https://www.ecduo.cn/static/images/search/ecduoserbg_17.jpg
http://cdn.img.ecduo.cn/ecduo/Uploads/Picture/2017-09/59af9715745ee.jpg,59,建议零售价:?78.00,【直播款 满200减20】珠艺Ethel 珍珠精巧斜跨单肩手拿小包晚宴包 JY1100,Ethel,https://www.ecduo.cn/static/images/search/ecduoserbg_15.jpg,https://www.ecduo.cn/static/images/search/ecduoserbg_17.jpg
http://cdn.img.ecduo.cn/ecduo/Uploads/Picture/2017-09/59b37f61adba8.jpg,59,建议零售价:?147.50,珠艺Ethel 小猫包珍珠精巧斜跨单肩手拿小包晚宴包 7024241REN,Ethel,https://www.ecduo.cn/static/images/search/ecduoserbg_15.jpg,https://www.ecduo.cn/static/images/search/ecduoserbg_17.jpg
http://cdn.img.ecduo.cn/ecduo/Uploads/Picture/2017-09/59bb9df779fc6.jpg,60,建议零售价:?78.00,珠艺Ethel 精巧嘴唇OL风斜跨单肩手拿小包 JY0555,Ethel,,https://www.ecduo.cn/static/images/search/ecduoserbg_17.jpg
http://cdn.img.ecduo.cn/ecduo/Uploads/Picture/2017-09/59bf2fb37b593.jpg,59,建议零售价:?147.50,珠艺Ethel 精巧高档简洁OL风斜跨单肩手拿小包 JY1106,Ethel,https://www.ecduo.cn/static/images/search/ecduoserbg_15.jpg,https://www.ecduo.cn/static/images/search/ecduoserbg_17.jpg
http://cdn.img.ecduo.cn/ecduo/Uploads/Picture/2017-09/59bba0be8dd27.jpg,60,建议零售价:?78.00,珠艺Ethel 精巧立体感几何风斜跨单肩手拿小包 JY0980,Ethel,https://www.ecduo.cn/static/images/search/ecduoserbg_15.jpg,https://www.ecduo.cn/static/images/search/ecduoserbg_17.jpg
http://cdn.img.ecduo.cn/ecduo/Uploads/Picture/2017-09/59bf2c4e498b4.jpg,60,建议零售价:?78.00,珠艺Ethel 精巧OL风方形斜跨单肩手拿小包 JY0966,Ethel,https://www.ecduo.cn/static/images/search/ecduoserbg_15.jpg,https://www.ecduo.cn/static/images/search/ecduoserbg_17.jpg
http://cdn.img.ecduo.cn/ecduo/Uploads/Picture/2017-09/59bf2ed1711d5.jpg,60,建议零售价:?78.00,珠艺Ethel 精巧皮革立体感斜跨单肩手拿小包 JY0969,Ethel,,https://www.ecduo.cn/static/images/search/ecduoserbg_17.jpg
http://cdn.img.ecduo.cn/ecduo/Uploads/Picture/2017-09/59bba07991349.jpg,60,建议零售价:?78.00,珠艺Ethel 精巧进口毛料斜跨单肩手拿小包 JY0928,Ethel,https://www.ecduo.cn/static/images/search/ecduoserbg_15.jpg,https://www.ecduo.cn/static/images/search/ecduoserbg_17.jpg
http://cdn.img.ecduo.cn/ecduo/Uploads/Picture/2017-09/59a4019a80883.jpg,80,建议零售价:?107.00,珠艺Ethel 珍珠精巧斜跨单肩手拿小包晚宴包 JY0175,Ethel,https://www.ecduo.cn/static/images/search/ecduoserbg_15.jpg,https://www.ecduo.cn/static/images/search/ecduoserbg_17.jpg
http://cdn.img.ecduo.cn/ecduo/Uploads/Picture/2017-09/59bb9c2f55ff8.jpg,59,建议零售价:?78.00,珠艺Ethel 精巧小鸟复古风斜跨单肩手拿小包 7021111FLN,Ethel,https://www.ecduo.cn/static/images/search/ecduoserbg_15.jpg,https://www.ecduo.cn/static/images/search/ecduoserbg_17.jpg
http://cdn.img.ecduo.cn/ecduo/Uploads/Picture/2017-09/59a4048a3b483.jpg,80,建议零售价:?107.00,珠艺Ethel 珍珠精巧蝴蝶结斜跨单肩手拿小包晚宴包 JY0541,Ethel,https://www.ecduo.cn/static/images/search/ecduoserbg_15.jpg,https://www.ecduo.cn/static/images/search/ecduoserbg_17.jpg
http://cdn.img.ecduo.cn/ecduo/Uploads/Picture/2017-09/59a406b4dc763.jpg,80,建议零售价:?200.00,珠艺Ethel 珍珠精巧斜跨单肩手拿小包晚宴包 JY0567,Ethel,https://www.ecduo.cn/static/images/search/ecduoserbg_15.jpg,https://www.ecduo.cn/static/images/search/ecduoserbg_17.jpg
http://cdn.img.ecduo.cn/ecduo/Uploads/Picture/2017-09/59a40a6cedfcc.jpg,59,建议零售价:?78.00,【直播款 满200减20】珠艺Ethel 心形盒子精巧斜跨单肩手拿小包晚宴包 JY0746,Ethel,https://www.ecduo.cn/static/images/search/ecduoserbg_15.jpg,https://www.ecduo.cn/static/images/search/ecduoserbg_17.jpg
http://cdn.img.ecduo.cn/ecduo/Uploads/Picture/2017-09/59a408b4a9a44.jpg,59,建议零售价:?78.00,珠艺Ethel 草编精巧斜跨单肩手拿文艺气质小包 JY0596,Ethel,https://www.ecduo.cn/static/images/search/ecduoserbg_15.jpg,https://www.ecduo.cn/static/images/search/ecduoserbg_17.jpg
http://cdn.img.ecduo.cn/ecduo/Uploads/Picture/2017-09/59a411079bde8.jpg,59,建议零售价:?78.00,【直播款 满200减20】珠艺Ethel 兔耳蝴蝶结精巧斜跨单肩手拿小包晚宴包 JY0925,Ethel,https://www.ecduo.cn/static/images/search/ecduoserbg_15.jpg,https://www.ecduo.cn/static/images/search/ecduoserbg_17.jpg
http://cdn.img.ecduo.cn/ecduo/Uploads/Picture/2017-09/59bb9d066af77.jpg,59,建议零售价:?78.00,珠艺Ethel 精巧OL风纹路斜跨单肩手拿小包 7022021WHN,Ethel,https://www.ecduo.cn/static/images/search/ecduoserbg_15.jpg,https://www.ecduo.cn/static/images/search/ecduoserbg_17.jpg
http://cdn.img.ecduo.cn/ecduo/Uploads/Picture/2017-09/59bf29cee2ea9.jpg,60,建议零售价:?78.00,珠艺Ethel 精巧弧形金属斜跨单肩手拿小包 7032062REN,Ethel,,https://www.ecduo.cn/static/images/search/ecduoserbg_17.jpg
http://cdn.img.ecduo.cn/ecduo/Uploads/Picture/2017-09/59bf2f1912f47.jpg,60,建议零售价:?78.00,珠艺Ethel 精巧神秘钥匙复古锁斜跨单肩手拿小包 JY0981,Ethel,https://www.ecduo.cn/static/images/search/ecduoserbg_15.jpg,https://www.ecduo.cn/static/images/search/ecduoserbg_17.jpg
http://cdn.img.ecduo.cn/ecduo/Uploads/Picture/2017-09/59bb9d82e72c7.jpg,59,建议零售价:?78.00,珠艺Ethel 精巧OL风优雅斜跨单肩手拿小包 7022071REN,Ethel,,https://www.ecduo.cn/static/images/search/ecduoserbg_17.jpg
http://cdn.img.ecduo.cn/ecduo/Uploads/Picture/2017-09/59bba132be979.jpg,60,建议零售价:?78.00,【直播款 满200减20】珠艺Ethel 精巧格子条纹斜跨单肩手拿小包 JY1141,Ethel,https://www.ecduo.cn/static/images/search/ecduoserbg_15.jpg,https://www.ecduo.cn/static/images/search/ecduoserbg_17.jpg
"http://cdn.img.ecduo.cn/ecduo/Uploads/Picture/2018-07/5b4843acaa05f.jpg?x-oss-process=image/resize,m_fill,h_250,w_250",24.5,建议零售价:?61.25,起风了 至缘斜跨手提包Q176,,https://www.ecduo.cn/static/images/search/ecduoserbg_15.jpg,https://www.ecduo.cn/static/images/search/ecduoserbg_17.jpg
"http://cdn.img.ecduo.cn/ecduo/Uploads/Picture/2018-07/5b5bdec4ad975.jpg?x-oss-process=image/resize,m_fill,h_250,w_250",26.6,建议零售价:?35.00,至缘 DZ001,,https://www.ecduo.cn/static/images/search/ecduoserbg_15.jpg,https://www.ecduo.cn/static/images/search/ecduoserbg_17.jpg
"http://cdn.img.ecduo.cn/ecduo/Uploads/Picture/2018-07/5b5544b634fda.jpg?x-oss-process=image/resize,m_fill,h_250,w_250",35.1,建议零售价:?48.00,至缘Q181,,https://www.ecduo.cn/static/images/search/ecduoserbg_15.jpg,https://www.ecduo.cn/static/images/search/ecduoserbg_17.jpg
"http://cdn.img.ecduo.cn/ecduo/Uploads/Picture/2018-07/5b4c3f9a539fc.jpg?x-oss-process=image/resize,m_fill,h_250,w_250",23.4,建议零售价:?47.00,至缘透明包 Q164,,https://www.ecduo.cn/static/images/search/ecduoserbg_15.jpg,https://www.ecduo.cn/static/images/search/ecduoserbg_17.jpg
"http://cdn.img.ecduo.cn/ecduo/Uploads/Picture/2018-08/5b74df2055aff.jpg?x-oss-process=image/resize,m_fill,h_250,w_250",57.4,建议零售价:?115.00,宇洛 妈咪包YL1708,,,https://www.ecduo.cn/static/images/search/ecduoserbg_17.jpg
"http://cdn.img.ecduo.cn/ecduo/Uploads/Picture/2017-09/59b37f61adba8.jpg?x-oss-process=image/resize,m_fill,h_250,w_250",59,建议零售价:?147.50,珠艺Ethel 小猫包珍珠精巧斜跨单肩手拿小包晚宴包 7024241REN,,https://www.ecduo.cn/static/images/search/ecduoserbg_15.jpg,https://www.ecduo.cn/static/images/search/ecduoserbg_17.jpg
http://cdn.img.ecduo.cn/ecduo/Uploads/Picture/2017-09/59bf2be3746a2.jpg,60,建议零售价:?78.00,珠艺Ethel 精巧卷毛绒蝴蝶结斜跨单肩手拿小包 JY0913,Ethel,https://www.ecduo.cn/static/images/search/ecduoserbg_15.jpg,https://www.ecduo.cn/static/images/search/ecduoserbg_17.jpg
http://cdn.img.ecduo.cn/ecduo/Uploads/Picture/2017-09/59bf2fe7286eb.jpg,59,建议零售价:?78.00,珠艺Ethel 精巧高质进口绒料手拎包 JY1139,Ethel,https://www.ecduo.cn/static/images/search/ecduoserbg_15.jpg,https://www.ecduo.cn/static/images/search/ecduoserbg_17.jpg
http://cdn.img.ecduo.cn/ecduo/Uploads/Picture/2017-09/59bba0ea3494f.jpg,60,建议零售价:?78.00,珠艺Ethel 精巧蝴蝶花色斜跨单肩手拿小包 JY0982,Ethel,https://www.ecduo.cn/static/images/search/ecduoserbg_15.jpg,https://www.ecduo.cn/static/images/search/ecduoserbg_17.jpg
http://cdn.img.ecduo.cn/ecduo/Uploads/Picture/2017-09/59bf2b6b6eb3a.jpg,60,建议零售价:?78.00,珠艺Ethel 精巧印花薄荷绿斜跨单肩手拿小包 JY0700,Ethel,https://www.ecduo.cn/static/images/search/ecduoserbg_15.jpg,https://www.ecduo.cn/static/images/search/ecduoserbg_17.jpg
http://cdn.img.ecduo.cn/ecduo/Uploads/Picture/2017-09/59bb9ea1499b8.jpg,59,建议零售价:?78.00,珠艺Ethel 精巧OL风立体斜跨单肩手拿小包 JY0666,Ethel,https://www.ecduo.cn/static/images/search/ecduoserbg_15.jpg,https://www.ecduo.cn/static/images/search/ecduoserbg_17.jpg
http://cdn.img.ecduo.cn/ecduo/Uploads/Picture/2018-03/5aab6f764b944.jpg,9,建议零售价:?18.00,至缘皮具 2018时尚潮流百搭斜跨小方包 P021,妙薇，柏丽雅诗,https://www.ecduo.cn/static/images/search/ecduoserbg_15.jpg,https://www.ecduo.cn/static/images/search/ecduoserbg_17.jpg
http://cdn.img.ecduo.cn/ecduo/Uploads/Picture/2019-03/5c98621b95a11.jpg,11.7,建议零售价:?24.00,2019至缘新款复古包包XB013,妙薇，柏丽雅诗,https://www.ecduo.cn/static/images/search/ecduoserbg_15.jpg,https://www.ecduo.cn/static/images/search/ecduoserbg_17.jpg
http://cdn.img.ecduo.cn/ecduo/Uploads/Picture/2018-07/5b4c3f9a539fc.jpg,23.4,建议零售价:?47.00,至缘透明包 Q164,妙薇，柏丽雅诗,https://www.ecduo.cn/static/images/search/ecduoserbg_15.jpg,https://www.ecduo.cn/static/images/search/ecduoserbg_17.jpg
http://cdn.img.ecduo.cn/ecduo/Uploads/Picture/2018-08/5b74df2055aff.jpg,57.4,建议零售价:?115.00,宇洛 妈咪包YL1708,无,,https://www.ecduo.cn/static/images/search/ecduoserbg_17.jpg
http://cdn.img.ecduo.cn/ecduo/Uploads/Picture/2018-07/5b4843acaa05f.jpg,24.5,建议零售价:?61.25,起风了 至缘斜跨手提包Q176,妙薇，柏丽雅诗,https://www.ecduo.cn/static/images/search/ecduoserbg_15.jpg,https://www.ecduo.cn/static/images/search/ecduoserbg_17.jpg
http://cdn.img.ecduo.cn/ecduo/Uploads/Picture/2019-03/5c98712c5e9b4.jpg,9.6,建议零售价:?20.00,2019年至缘新款包包XB017,妙薇，柏丽雅诗,https://www.ecduo.cn/static/images/search/ecduoserbg_15.jpg,https://www.ecduo.cn/static/images/search/ecduoserbg_17.jpg
http://cdn.img.ecduo.cn/ecduo/Uploads/Picture/2018-07/5b5bdec4ad975.jpg,26.6,建议零售价:?35.00,至缘 DZ001,妙薇，柏丽雅诗,https://www.ecduo.cn/static/images/search/ecduoserbg_15.jpg,https://www.ecduo.cn/static/images/search/ecduoserbg_17.jpg
http://cdn.img.ecduo.cn/ecduo/Uploads/Picture/2019-03/5c98726926686.jpg,9.8,建议零售价:?20.00,2019至缘新款包包XB018,妙薇，柏丽雅诗,https://www.ecduo.cn/static/images/search/ecduoserbg_15.jpg,https://www.ecduo.cn/static/images/search/ecduoserbg_17.jpg
http://cdn.img.ecduo.cn/ecduo/Uploads/Picture/2018-07/5b5544b634fda.jpg,35.1,建议零售价:?48.00,至缘Q181,妙薇，柏丽雅诗,https://www.ecduo.cn/static/images/search/ecduoserbg_15.jpg,https://www.ecduo.cn/static/images/search/ecduoserbg_17.jpg
http://cdn.img.ecduo.cn/ecduo/Uploads/Picture/2017-12/5a3a2b29a7af3.jpg,22.9,建议零售价:?30.00,至缘 销路斜挎包T011,妙薇，柏丽雅诗,https://www.ecduo.cn/static/images/search/ecduoserbg_15.jpg,https://www.ecduo.cn/static/images/search/ecduoserbg_17.jpg
http://cdn.img.ecduo.cn/ecduo/Uploads/Picture/2018-04/5ac4427f344a1.jpg,24,建议零售价:?32.00,至缘 WW10,妙薇，柏丽雅诗,https://www.ecduo.cn/static/images/search/ecduoserbg_15.jpg,https://www.ecduo.cn/static/images/search/ecduoserbg_17.jpg
http://cdn.img.ecduo.cn/ecduo/Uploads/Picture/2019-03/5c986a66d0d1a.jpg,8.8,建议零售价:?18.00,2019至缘新款XB014,妙薇，柏丽雅诗,https://www.ecduo.cn/static/images/search/ecduoserbg_15.jpg,https://www.ecduo.cn/static/images/search/ecduoserbg_17.jpg
http://cdn.img.ecduo.cn/ecduo/Uploads/Picture/2019-03/5c986091e8e7b.jpg,22.3,建议零售价:?45.00,2019至缘新款包包AK013,妙薇，柏丽雅诗,https://www.ecduo.cn/static/images/search/ecduoserbg_15.jpg,https://www.ecduo.cn/static/images/search/ecduoserbg_17.jpg
http://cdn.img.ecduo.cn/ecduo/Uploads/Picture/2019-04/5cc1578f577d7.jpg,30.9,建议零售价:?62.00,2019至缘新款女款菱格小方包D003（不能上淘宝须知）,妙薇，柏丽雅诗,https://www.ecduo.cn/static/images/search/ecduoserbg_15.jpg,https://www.ecduo.cn/static/images/search/ecduoserbg_17.jpg
http://cdn.img.ecduo.cn/ecduo/Uploads/Picture/2018-07/5b39885778afe.jpg,18.1,建议零售价:?45.30,至缘斜挎包 ZK010,妙薇，柏丽雅诗,https://www.ecduo.cn/static/images/search/ecduoserbg_15.jpg,https://www.ecduo.cn/static/images/search/ecduoserbg_17.jpg
"http://cdn.img.ecduo.cn/ecduo/Uploads/Picture/2018-07/5b4843acaa05f.jpg?x-oss-process=image/resize,m_fill,h_250,w_250",24.5,建议零售价:?61.25,起风了 至缘斜跨手提包Q176,,https://www.ecduo.cn/static/images/search/ecduoserbg_15.jpg,https://www.ecduo.cn/static/images/search/ecduoserbg_17.jpg
"http://cdn.img.ecduo.cn/ecduo/Uploads/Picture/2018-07/5b5bdec4ad975.jpg?x-oss-process=image/resize,m_fill,h_250,w_250",26.6,建议零售价:?35.00,至缘 DZ001,,https://www.ecduo.cn/static/images/search/ecduoserbg_15.jpg,https://www.ecduo.cn/static/images/search/ecduoserbg_17.jpg
"http://cdn.img.ecduo.cn/ecduo/Uploads/Picture/2018-07/5b5544b634fda.jpg?x-oss-process=image/resize,m_fill,h_250,w_250",35.1,建议零售价:?48.00,至缘Q181,,https://www.ecduo.cn/static/images/search/ecduoserbg_15.jpg,https://www.ecduo.cn/static/images/search/ecduoserbg_17.jpg
"http://cdn.img.ecduo.cn/ecduo/Uploads/Picture/2018-07/5b4c3f9a539fc.jpg?x-oss-process=image/resize,m_fill,h_250,w_250",23.4,建议零售价:?47.00,至缘透明包 Q164,,https://www.ecduo.cn/static/images/search/ecduoserbg_15.jpg,https://www.ecduo.cn/static/images/search/ecduoserbg_17.jpg
"http://cdn.img.ecduo.cn/ecduo/Uploads/Picture/2018-08/5b74df2055aff.jpg?x-oss-process=image/resize,m_fill,h_250,w_250",57.4,建议零售价:?115.00,宇洛 妈咪包YL1708,,,https://www.ecduo.cn/static/images/search/ecduoserbg_17.jpg
"http://cdn.img.ecduo.cn/ecduo/Uploads/Picture/2017-09/59b37f61adba8.jpg?x-oss-process=image/resize,m_fill,h_250,w_250",59,建议零售价:?147.50,珠艺Ethel 小猫包珍珠精巧斜跨单肩手拿小包晚宴包 7024241REN,,https://www.ecduo.cn/static/images/search/ecduoserbg_15.jpg,https://www.ecduo.cn/static/images/search/ecduoserbg_17.jpg
http://cdn.img.ecduo.cn/ecduo/Uploads/Picture/2019-03/5c984f9be2198.jpg,35.1,建议零售价:?71.00,2019至缘新款女包小方包AK014,妙薇，柏丽雅诗,https://www.ecduo.cn/static/images/search/ecduoserbg_15.jpg,https://www.ecduo.cn/static/images/search/ecduoserbg_17.jpg
http://cdn.img.ecduo.cn/ecduo/Uploads/Picture/2019-05/5cdc1891179f3.JPG,39.4,建议零售价:?79.00,至缘 小清新女包 QZH-8498#,妙薇，柏丽雅诗,https://www.ecduo.cn/static/images/search/ecduoserbg_15.jpg,https://www.ecduo.cn/static/images/search/ecduoserbg_17.jpg
http://cdn.img.ecduo.cn/ecduo/Uploads/Picture/2019-05/5cdc19e51eb67.JPG,34,建议零售价:?68.00,至缘 小清新女包 QZH-A205#,妙薇，柏丽雅诗,https://www.ecduo.cn/static/images/search/ecduoserbg_15.jpg,https://www.ecduo.cn/static/images/search/ecduoserbg_17.jpg
http://cdn.img.ecduo.cn/ecduo/Uploads/Picture/2018-07/5b5157130f79e.jpg,31.9,建议零售价:?79.80,至缘斜挎包ZK023,妙薇，柏丽雅诗,https://www.ecduo.cn/static/images/search/ecduoserbg_15.jpg,https://www.ecduo.cn/static/images/search/ecduoserbg_17.jpg
http://cdn.img.ecduo.cn/ecduo/Uploads/Picture/2019-03/5c986f0d67006.jpg,9.7,建议零售价:?20.00,2019至缘新款包包XB015,妙薇，柏丽雅诗,https://www.ecduo.cn/static/images/search/ecduoserbg_15.jpg,https://www.ecduo.cn/static/images/search/ecduoserbg_17.jpg
http://cdn.img.ecduo.cn/ecduo/Uploads/Picture/2019-03/5c985f1c56c44.jpg,23.4,建议零售价:?47.00,小包包女士2019至缘新款潮韩版百搭斜挎包早秋女包时尚单肩包贝壳包GT031,妙薇，柏丽雅诗,https://www.ecduo.cn/static/images/search/ecduoserbg_15.jpg,https://www.ecduo.cn/static/images/search/ecduoserbg_17.jpg
http://cdn.img.ecduo.cn/ecduo/Uploads/Picture/2019-05/5cdbe2256cf9d.jpg,34,建议零售价:?68.00,至缘 小方包 ZS-H9191#,妙薇，柏丽雅诗,https://www.ecduo.cn/static/images/search/ecduoserbg_15.jpg,https://www.ecduo.cn/static/images/search/ecduoserbg_17.jpg
http://cdn.img.ecduo.cn/ecduo/Uploads/Picture/2019-08/5d5d025ac0189.png,26.6,建议零售价:?54.00,韩悠悠新款菱格小香风包包单肩斜挎包软皮小方包百搭迷你chic链条包2985#,雅儿,https://www.ecduo.cn/static/images/search/ecduoserbg_15.jpg,https://www.ecduo.cn/static/images/search/ecduoserbg_17.jpg
http://cdn.img.ecduo.cn/ecduo/Uploads/Picture/2019-03/5c986ffcc5fb2.jpg,11,建议零售价:?22.00,2019至缘新款XB016,妙薇，柏丽雅诗,https://www.ecduo.cn/static/images/search/ecduoserbg_15.jpg,https://www.ecduo.cn/static/images/search/ecduoserbg_17.jpg
http://cdn.img.ecduo.cn/ecduo/Uploads/Picture/2019-05/5cdbbddf7b633.jpg,44.7,建议零售价:?90.00,至缘 时尚锁扣小包 ZS-H313#,妙薇，柏丽雅诗,https://www.ecduo.cn/static/images/search/ecduoserbg_15.jpg,https://www.ecduo.cn/static/images/search/ecduoserbg_17.jpg
http://cdn.img.ecduo.cn/ecduo/Uploads/Picture/2019-08/5d5cfd207c24f.png,26.6,建议零售价:?60.00,韩悠悠2019新款潮韩版菱格链条包小香风单肩斜跨包女包百搭小方包3249#,雅儿,https://www.ecduo.cn/static/images/search/ecduoserbg_15.jpg,https://www.ecduo.cn/static/images/search/ecduoserbg_17.jpg
http://cdn.img.ecduo.cn/ecduo/Uploads/Picture/2019-03/5c98788485bae.jpg,33,建议零售价:?66.00,2019至缘新款女包包ZK044,妙薇，柏丽雅诗,https://www.ecduo.cn/static/images/search/ecduoserbg_15.jpg,https://www.ecduo.cn/static/images/search/ecduoserbg_17.jpg
http://cdn.img.ecduo.cn/ecduo/Uploads/Picture/2019-08/5d5d05ee90ef2.png,26.6,建议零售价:?54.00,韩悠悠新款韩版百搭小方包小包小香风菱格链条包单肩斜挎包潮3012#,雅儿,https://www.ecduo.cn/static/images/search/ecduoserbg_15.jpg,https://www.ecduo.cn/static/images/search/ecduoserbg_17.jpg
http://cdn.img.ecduo.cn/ecduo/Uploads/Picture/2019-06/5cf7632d5cc30.png,25.5,建议零售价:?51.00,2019新款 小飞象帆布女包,露雅思,https://www.ecduo.cn/static/images/search/ecduoserbg_15.jpg,https://www.ecduo.cn/static/images/search/ecduoserbg_17.jpg
http://cdn.img.ecduo.cn/ecduo/data/files/Uploads/picture/2018-11/201811211155195949.jpg,63.8,建议零售价:?159.50,桐乐儿 2018斜挎包金属扣链条小方包 ESCX192,桐乐儿,https://www.ecduo.cn/static/images/search/ecduoserbg_15.jpg,https://www.ecduo.cn/static/images/search/ecduoserbg_17.jpg
http://cdn.img.ecduo.cn/ecduo/data/files/Uploads/picture/2019-03/201903091208253996.jpg,59.6,建议零售价:?149.00,桐乐儿 菱格条链肩包 ESCX264,桐乐儿,https://www.ecduo.cn/static/images/search/ecduoserbg_15.jpg,https://www.ecduo.cn/static/images/search/ecduoserbg_17.jpg
http://cdn.img.ecduo.cn/ecduo/Uploads/Picture/2019-08/5d5d012c266bb.png,26.6,建议零售价:?54.00,韩悠悠2019新款夏天小清新斜挎包女菱格菱链条包单肩包2608#,雅儿,https://www.ecduo.cn/static/images/search/ecduoserbg_15.jpg,https://www.ecduo.cn/static/images/search/ecduoserbg_17.jpg
http://cdn.img.ecduo.cn/ecduo/Uploads/Picture/2019-08/5d5d1a0331abd.png,27.7,建议零售价:?56.00,韩悠悠2019新款潮菱格小香风单肩斜跨包质感百搭链条包锁扣小方包3255#,雅儿,https://www.ecduo.cn/static/images/search/ecduoserbg_15.jpg,https://www.ecduo.cn/static/images/search/ecduoserbg_17.jpg
http://cdn.img.ecduo.cn/ecduo/Uploads/Picture/2019-03/5c9850e7068a5.jpg,39.4,建议零售价:?79.00,2019至缘新款女包Q201,妙薇，柏丽雅诗,https://www.ecduo.cn/static/images/search/ecduoserbg_15.jpg,https://www.ecduo.cn/static/images/search/ecduoserbg_17.jpg
http://cdn.img.ecduo.cn/ecduo/Uploads/Picture/2019-03/5c933bbc1cf68.jpg,24.5,建议零售价:?49.00,2019至缘女包斜跨包BL-0021,妙薇，柏丽雅诗,https://www.ecduo.cn/static/images/search/ecduoserbg_15.jpg,https://www.ecduo.cn/static/images/search/ecduoserbg_17.jpg
"http://cdn.img.ecduo.cn/ecduo/Uploads/Picture/2018-07/5b4843acaa05f.jpg?x-oss-process=image/resize,m_fill,h_250,w_250",24.5,建议零售价:?61.25,起风了 至缘斜跨手提包Q176,,https://www.ecduo.cn/static/images/search/ecduoserbg_15.jpg,https://www.ecduo.cn/static/images/search/ecduoserbg_17.jpg
"http://cdn.img.ecduo.cn/ecduo/Uploads/Picture/2018-07/5b5bdec4ad975.jpg?x-oss-process=image/resize,m_fill,h_250,w_250",26.6,建议零售价:?35.00,至缘 DZ001,,https://www.ecduo.cn/static/images/search/ecduoserbg_15.jpg,https://www.ecduo.cn/static/images/search/ecduoserbg_17.jpg
"http://cdn.img.ecduo.cn/ecduo/Uploads/Picture/2018-07/5b5544b634fda.jpg?x-oss-process=image/resize,m_fill,h_250,w_250",35.1,建议零售价:?48.00,至缘Q181,,https://www.ecduo.cn/static/images/search/ecduoserbg_15.jpg,https://www.ecduo.cn/static/images/search/ecduoserbg_17.jpg
"http://cdn.img.ecduo.cn/ecduo/Uploads/Picture/2018-07/5b4c3f9a539fc.jpg?x-oss-process=image/resize,m_fill,h_250,w_250",23.4,建议零售价:?47.00,至缘透明包 Q164,,https://www.ecduo.cn/static/images/search/ecduoserbg_15.jpg,https://www.ecduo.cn/static/images/search/ecduoserbg_17.jpg
"http://cdn.img.ecduo.cn/ecduo/Uploads/Picture/2018-08/5b74df2055aff.jpg?x-oss-process=image/resize,m_fill,h_250,w_250",57.4,建议零售价:?115.00,宇洛 妈咪包YL1708,,,https://www.ecduo.cn/static/images/search/ecduoserbg_17.jpg
"http://cdn.img.ecduo.cn/ecduo/Uploads/Picture/2017-09/59b37f61adba8.jpg?x-oss-process=image/resize,m_fill,h_250,w_250",59,建议零售价:?147.50,珠艺Ethel 小猫包珍珠精巧斜跨单肩手拿小包晚宴包 7024241REN,,https://www.ecduo.cn/static/images/search/ecduoserbg_15.jpg,https://www.ecduo.cn/static/images/search/ecduoserbg_17.jpg
